,Region_1,Region_2,Region_3,Region_4,Region_5,Region_6,Region_7
sub-001,80369.57942390442,35414.37742853165,80859.49420595169,10687.339661121368,5403.130272388458,10901.462682723999,3123.349865913391
